{"validation_loss": 2.9753806591033936, "bleu": 15.50150036797889}