{"validation_loss": 2.39615535736084, "bleu": 20.6115804466697}