{"validation_loss": 2.4612691402435303, "bleu": 21.333962571321255}