{"validation_loss": 3.1069507598876953, "bleu": 14.172160064438767}