{"validation_loss": 3.2805819511413574, "bleu": 13.48303230725283}