{"validation_loss": 3.4688215255737305, "bleu": 11.240171418486621}