{"validation_loss": 2.381664991378784, "bleu": 21.019686006172154}