{"validation_loss": 2.486896514892578, "bleu": 22.672605730391343}