{"validation_loss": 3.710909128189087, "bleu": 10.85346121730163}