{"validation_loss": 2.4352846145629883, "bleu": 20.757279504421586}