{"validation_loss": 2.6380414962768555, "bleu": 20.204737572391707}