{"validation_loss": 2.6983449459075928, "bleu": 18.145758261916708}