{"validation_loss": 2.418147563934326, "bleu": 20.324180488083552}