{"validation_loss": 2.5935325622558594, "bleu": 18.603710555716702}