{"validation_loss": 2.766033887863159, "bleu": 18.416685271625873}