{"validation_loss": 2.8646326065063477, "bleu": 18.078133575407975}