{"validation_loss": 4.51287317276001, "bleu": 6.905315633990858}