{"validation_loss": 2.553194284439087, "bleu": 18.970551147138227}