{"validation_loss": 4.016262054443359, "bleu": 9.11521864532456}