{"validation_loss": 2.5136988162994385, "bleu": 20.30006069195029}